﻿text;created_at;id_str
I like Mexico and love the spirit of  Mexican people but we must protect our borders from people from all over pouring into the U.S.;06-20-2015 01:15:22;6,12066E+17
Mexico is killing the United States economically because their leaders and negotiators are FAR smarter than ours. But nobody beats Trump!;06-20-2015 01:54:25;6,12076E+17
Druggies drug dealers rapists and killers are coming across the southern border. When will the U.S. get smart and stop this travesty?;06-20-2015 02:22:29;6,12083E+17
Who would you rather have negotiating for the U.S. against Putin Iran China etc. Donald Trump or Hillary? Is there even a little doubt?;06-21-2015 00:57:54;6,12424E+17
Mexican gov doesn't want me talking about terrible border situation & horrible trade deals. Forcing Univision to get me to stop- no way!;06-25-2015 14:26:52;6,14077E+17
Univision wants to back out of signed @MissUniverse contract because I exposed the terrible trade deals that the U.S. makes with Mexico.;06-25-2015 14:27:20;6,14077E+17
I love Mexico but not the unfair trade deals that the US so stupidly makes with them. Really bad for US jobs only good for Mexico.;06-25-2015 14:27:45;6,14078E+17
.@Univision cares far more about Mexico than it does about the U.S.  Are they controlled by the Mexican government?;06-26-2015 15:13:06;6,14451E+17
Only very stupid people think that the United States is making good trade deals with Mexico.Mexico is killing us at the border and at trade!;06-27-2015 17:17:08;6,14845E+17
The leader and negotiators representing Mexico are far smarter and more cunning than the leader and negotiators representing the U.S.!;06-27-2015 17:20:20;6,14846E+17
A great article by @NolteNCspelling out the truth on Mexico trade the border & illegals. Thank you @BreitbartNews http://t.co/oJnV2OXcEc;06-27-2015 20:09:25;6,14888E+17
"Must read article via @fitsnews: ""DONALD TRUMP VERSUS MEXICO"" http://t.co/tdjtvtB6NB";06-27-2015 20:40:55;6,14896E+17
We MUST have strong borders and stop illegal immigration. Without that we do not have a country. Also Mexico is killing U.S. on trade. WIN!;06-30-2015 12:35:44;6,15861E+17
I love the Mexican people but Mexico is not our friend. They're killing us at the border and they're killing us on jobs and trade. FIGHT!;06-30-2015 12:57:28;6,15867E+17
"Via @THESHARKTANK1: ""Donald Trump's Controversial Mexican Comments Are Accurate"" http://t.co/nYL2QQMwKZ";06-30-2015 22:21:55;6,16009E+17
Mexican leaders and negotiators are much tougher and smarter than those of the U.S. Mexico is killing us on jobs and trade. WAKE UP!;7-3-2015 11:09;6,16927E+17
What about the undocumented immigrant with a record who killed the beautiful young women (in front of her father) in San Fran. Get smart!;7-4-2015 22:15;6,17457E+17
Rick Perry failed at the border. Now he is critical of me. He needs a new pair of glasses to see the crimes committed by illegal immigrants.;7-5-2015 14:44;6,17706E+17
Flashback – Jeb Bush says  illegal immigrants breaking our laws is an “act of love” http://t.co/p8yFzVuw8w He will never secure the border.;7-5-2015 15:23;6,17715E+17
I said simply that the Mexican leaders and negotiators are smarter than ours and that the Mexican gov't is pushing their hard core to U.S.;7-6-2015 00:47;6,17857E+17
Thx to all the people who called to say they are cutting their @Macys credit card as a protest against illegal immigrants pouring into US;7-6-2015 17:14;6,18106E+17
"Via @mrctv by Ben Graham: ""Border Reports Back Up Trump's 'Rapists' Claim"" http://t.co/4UcpdSS8qK";7-8-2015 19:37;6,18866E+17
Via @DailyCaller by @samsondunn: “Pastor To Hispanic Congregation Speaks Out On Trump Immigrant Crime Statement” http://t.co/rfWcQ7wcjf;7-8-2015 21:13;6,18891E+17
Legal immigrants want border security. It is common sense. We must build a wall! Let's Make America Great Again! http://t.co/I5CybmR0MF;7-11-2015 19:06;6,19946E+17
Mexico's biggest drug lord escapes from jail. Unbelievable corruption and USA is paying the price.  I told you so!;7-12-2015 21:03;6,20338E+17
Can you envision Jeb Bush or Hillary Clinton negotiating with 'El Chapo' the Mexican drug lord who escaped from prison? ....;07-13-2015 00:25:37;6,20389E+17
Now that the Mexican drug lord escaped from prison everyone is saying that most of the cocaine etc. coming into the U.S. comes over border!;07-13-2015 02:10:23;6,20415E+17
"The U.S. will invite El Chapo the Mexican drug lord who just escaped prison to become a U.S. citizen because our ""leaders"" can't say no!";07-13-2015 04:05:42;6,20444E+17
El Chapo and the Mexican drug cartels use the border unimpeded like it was a  vacuum cleaner sucking drugs and death right into the U.S.;07-13-2015 10:47:36;6,20545E+17
....likewise billions of dollars gets brought into Mexico    through the border. We get the killers drugs & crime they get the money!;07-13-2015 10:53:14;6,20547E+17
"When will people and the media start to apologize to me for my statement ""Mexico is sending...."" which turned out to be true?  El Chapo";07-13-2015 10:59:19;6,20548E+17
The joke around town is that I freed El Chapo from the Mexican prison because the timing was so good w/ my statements on border security.;07-13-2015 16:20:39;6,20629E+17
Mexico’s totally corrupt gov’t looks horrible with El Chapo’s escape—totally corrupt. U.S. paid them $3 billion.;07-13-2015 16:21:40;6,20629E+17
I absolutely support Kate’s Law—in honor of the beautiful Kate Steinle who was gunned down in SF by an illegal immigrant.;07-13-2015 19:15:40;6,20673E+17
Ford is MOVING jobs from Michigan to Mexico AGAIN! http://t.co/TgVQ1458AJ As President this will stop on Day One! Jobs will stay here.;07-14-2015 12:55:59;6,2094E+17
Via @AP March2013: Jeb said “he was open to…pathway for citizenship for illegal immigrants” http://t.co/zeEKCFXroE Lying on campaign trail!;07-17-2015 18:09:47;6,22106E+17
It's a national embarrassment that an illegal immigrant can walk across the border and receive free health care and one of our Veterans.....;07-18-2015 18:16:26;6,2247E+17
We will soon be at a point with our incompetent politicians where we will be treating illegal immigrants better than our veterans.;07-20-2015 14:25:52;6,23137E+17
Public Policy Polling (PPP) has just come out with a major poll putting me #1 with Hispanics - leading all Republican candidates.Told you so;07-29-2015 11:28:02;6,26353E+17
Poll: Trump Leads GOP Field Among Hispanics Records 34% Favorability  http://t.co/AANybghvCv;8-5-2015 21:05;6,29036E+17
Again illegal immigrant is charged with the fatal  bludgeoning of a wonderful and loved 64 year old woman. Get them out and build a WALL!;8-11-2015 00:29;6,30899E+17
".@ABCPolitics must apologize. My statement ""we're going to get them out so fast so quick"" applied to hard core criminals & gang members. LIE";08-21-2015 04:04:52;6,34577E+17
.@TomLlamasABC cannot report the news truthfully. Why not apologize for your fraudulent story on World News Tonight.Gang members & criminals;08-21-2015 04:38:51;6,34585E+17
How crazy - 7.5% of all births in U.S. are to illegal immigrants over 300000 babies per year. This must stop. Unaffordable and not right!;08-21-2015 13:56:00;6,34726E+17
As I have long stated we are so tied in with China and Asia that their markets are now taking the U.S. market down. Get smart U.S.A.;08-24-2015 13:30:48;6,35806E+17
Markets are crashing - all caused by poor planning and allowing China and Asia to dictate the agenda. This could get very messy! Vote Trump.;08-24-2015 13:43:13;6,3581E+17
Depression- be careful of China! https://t.co/6BGk0ZjKwT;08-24-2015 15:04:00;6,3583E+17
Asians are very offended that JEB said that anchor babies applies to them as a way to be more politically correct to hispanics. A mess!;08-25-2015 10:52:28;6,36129E+17
A great honor to receive polling numbers like these. Record setting African American (25%) & Hispanic numbers (31%). http://t.co/p7d6RJeMTZ;9-8-2015 21:20;6,41361E+17
Just leaving Las Vegas. Unbelievable crowd! Many Hispanics who love me and I love them! https://t.co/t7hzDV9wEr;10-8-2015 21:04;6,52228E+17
Good luck to the US Men’s National Team in tomorrow’s CONCACAF Cup vs. Mexico!  It should be a great game!  https://t.co/nH31afzjNz;10-9-2015 20:39;6,52584E+17
The arrogant young woman who questioned me in such a nasty fashion at No Labels yesterday was a Jeb staffer! HOW CAN HE BEAT RUSSIA & CHINA?;10-13-2015 11:39:52;6,53898E+17
How can Jeb Bush expect to deal with China Russia + Iran if he gets caught doing a “plant” during my speech yesterday in NH?;10-13-2015 15:52:02;6,53961E+17
Notice that illegal immigrants will be given ObamaCare and free college tuition but nothing has been mentioned about our VETERANS #DemDebate;10-14-2015 02:33:13;6,54123E+17
Word is that Ford Motor because of my constant badgering at packed events is going to cancel their deal to go to Mexico and stay in U.S.;10-25-2015 20:36:19;6,58382E+17
Black Lives Matter protesters totally disrupt Hillary Clinton event. She looked lost. This is not what we need with ISIS CHINA RUSSIA etc.;10-31-2015 11:27:02;6,60418E+17
Rubio lied about my meeting w/ Hispanic activists. I didn’t change my opinion but treated them w/ respect. Shame! https://t.co/O9Kgfi5xcH;11-5-2015 23:30;6,62412E+17
I never said that China was in the bad TPP trade deal but that China would come in the back door at a later date. @CNN @FoxBusiness;11-11-2015 22:59;6,64578E+17
Today's @WSJ Editorial is WRONG again. I know that China is not in the new T.P.P. trade deal but would come in latter through a back door.;11-12-2015 11:36;6,64769E+17
.@WSJ Editorial Board should review my debate statement re China and T.P.P. and apologize. China not part but will get their way in later.;11-12-2015 11:41;6,6477E+17
.@KarlRove is a biased dope who wrote falsely about me re China and TPP. This moron wasted $430 million on political campaigns and lost 100%;11-12-2015 15:00;6,6482E+17
They laughed at me when I said to bomb the ISIS controlled oil fields. Now they are not laughing and doing what I said. #Trump2016;11-13-2015 21:36:29;6,65282E+17
.@realDonaldTrump on ISIS&OIL FIELDS! Saying it for years! @AndersonCooper you should acknowledge this! #Trump2016 https://t.co/ocoB9WlP7R;11-15-2015 20:33:46;6,65991E+17
President Obama just told President Putin how important the Russian air strikes against ISIS have been. I TOLD YOU SO!;11-16-2015 01:03:21;6,66059E+17
Remember I was the one who said attack the oil (ISIS source of wealth) a long time ago. Everyone scoffed now they're attacking the oil.;11-16-2015 12:43:30;6,66235E+17
Discussing #SyrianRefugees with @EricBolling on @FoxNews back on 10/3/2015. #ISIS https://t.co/rUX57o2BzM;11-16-2015 22:47:20;6,66387E+17
Refugees from Syria are now pouring into our great country. Who knows who they are - some could be ISIS. Is our president insane?;11-17-2015 13:54:30;6,66615E+17
Melania and I just had interview with the legendary @BarbaraJWalters. Watch #abc2020 this Friday. Tonight we talk ISIS @WNTonight;11-17-2015 21:16:55;6,66727E+17
Eight Syrians were just caught on the southern border trying to get into the U.S. ISIS maybe? I told you so. WE NEED A BIG & BEAUTIFUL WALL!;11-19-2015 13:11:49;6,67329E+17
"The media must immediately stop calling ISIS leaders ""MASTERMINDS."" Call them instead thugs and losers. Young people must not go into ISIS!";11-20-2015 12:50:14;6,67686E+17
The media must denigrate ISIS at all levels or youth will continue to be drawn to it. These are low level degenerates NOT masterminds!;11-20-2015 13:00:30;6,67689E+17
Under our President ISIS is gaining great strength- https://t.co/28VsmV8xng;11-20-2015 16:08:18;6,67736E+17
13 Syrian refugees were caught trying to get into the U.S. through the Southern Border. How many made it?  WE NEED THE WALL!;11-22-2015 15:53:38;6,68457E+17
We better get tough with RADICAL ISLAMIC TERRORISTS and get tough now or the life and safety of our wonderful country will be in jeopardy!;11-22-2015 15:59:40;6,68459E+17
I LIVE IN NEW JERSEY & @realDonaldTrump IS RIGHT: MUSLIMS DID CELEBRATE ON 9/11 HERE! WE SAW IT! https://t.co/1SksZU9qlj;11-26-2015 00:22:00;6,69672E+17
Credible Source on 9-11 Muslim Celebrations: FBIhttps://t.co/UICDNcftJS via @WKRG;11-26-2015 01:03:10;6,69683E+17
Jamiel Shaw was incredible on @foxandfriends this morning. His son who was viciously killed by an illegal immigrant is so proud of pop!;12-1-2015 15:16;6,71709E+17
Illegal immigrant children non-Mexicans surge across border at record rate https://t.co/V6TP55dRAC;12-2-2015 14:41;6,72063E+17
Wonder if Obama will ever say RADICAL ISLAMIC TERRORIST?;12-6-2015 00:42;6,73301E+17
Hillary won't call out radical Islam! She will be soundly defeated.;12-7-2015 00:55;6,73667E+17
Wish Obama would say ISIS like almost everyone else rather than ISIL.;12-7-2015 01:27;6,73675E+17
Well Obama refused to say (he just can't say it) that we are at WAR with RADICAL ISLAMIC TERRORISTS.;12-7-2015 01:45;6,7368E+17
Obama said in his speech that Muslims are our sports heroes. What sport is he talking about and who? Is Obama profiling?;12-7-2015 05:50;6,73741E+17
Credible Source on 9-11 Muslim Celebrations: FBI https://t.co/UICDNcftJS;12-7-2015 16:43;6,73906E+17
Statement on Preventing Muslim Immigration: https://t.co/HCWU16z6SR https://t.co/d1dhaIs0S7;12-7-2015 22:32;6,73993E+17
The main stream media wants to surrender constitutional rights -- I believe #ISIS needs to surrender!;12-7-2015 23:39;6,7401E+17
Rupert Murdoch Defends Trump: 'Complete Refugee Pause' Makes Sense'  https://t.co/HWOLO4RVAC;12-9-2015 15:22;6,7461E+17
 Haim Saban: Hillary Clinton’s Top Hollywood Donor Demands Racial Profiling of Muslims   https://t.co/d99X4O9ysG;12-9-2015 20:33;6,74688E+17
The United Kingdom is trying hard to disguise their massive  Muslim problem. Everybody is wise to what is happening very sad! Be honest.;12-10-2015 12:49;6,74934E+17
Thank you to respected columnist Katie Hopkins of Daily https://t.co/LgtY0qdv9U for her  powerful writing on the U.K.'s Muslim problems.;12-10-2015 13:00;6,74937E+17
Why Franklin Graham says Donald Trump is right about stopping Muslim immigration  https://t.co/iVPJcDQLeO;12-10-2015 19:27;6,75034E+17
In Britain more Muslims join ISIS than join the British army.https://t.co/LQVNz7b2Eb;12-11-2015 01:21;6,75123E+17
Reports say #ISIS now has a passport machine to have its believers infiltrate our country. I told you so. https://t.co/LRPDW10zwl;12-12-2015 19:16;6,75756E+17
#ISIS is making $400M/year on oil. I have been saying it for years. We need to bomb the oil! https://t.co/vObIAhilWs https://t.co/teKBaKdXzK;12-18-2015 04:09:33;6,77702E+17
"As I have been saying. Only the beginning: ""ISIS Suspects Arrested in Turkey 150 European Passports Seized."" https://t.co/55NWoy7OHG";12-18-2015 16:45:10;6,77892E+17
.@MelindaDC  Don’t misrepresent in order to make a point. I was always tough on ISIS--as you’ll find out after I get elected.;12-18-2015 18:02:12;6,77912E+17
"Hillary Clinton lied when she said that ""ISIS is using video of Donald Trump as a recruiting tool."" This was fact checked by @FoxNews: FALSE";12-20-2015 09:05:41;6,78502E+17
Hillary Clinton spokesperson admitted that their was no ISIS video of me. Therefore Hillary LIED at the debate last night. SAD!;12-20-2015 23:37:15;6,78721E+17
"Hillary said at debate ISIS is ""going to people showing videos in order to recruit more radical jihadistst."" She made up story-want apology!";12-21-2015 11:47:58;6,78905E+17
"Hillary said with respect to ISIS ""we are finally where we need to be."" Do we want 4  more years of incompetent leadership?  MAGA!";12-21-2015 12:34:40;6,78916E+17
It's the Democrats' total weakness & incompetence that gave rise to ISIS --  not a tape of Donald Trump that was an admitted Hillary lie!;12-21-2015 17:38:03;6,78993E+17
"Do you think that Hillary Clinton will apologize to me for the lie she told about ""the video"" of me being used by ISIS. There is no video.";12-21-2015 18:51:21;6,79011E+17
.@HallieJackson Why didn't you report Hillary lying about the ISIS video. Bad reporting. Perhaps @NBC will do better next year-but doubt it!;12-25-2015 01:56:08;6,80205E+17
"When will the Democrats and Hillary in particular say ""we must build a wall a great wall and Mexico is going to pay for it?"" Never!";12-25-2015 20:45:06;6,80489E+17
