﻿text;created_at;id_str
Hillary Clinton said that it is O.K. to ban Muslims from Israel by building a WALL but not O.K. to do so in the U.S. We must be vigilant!;1-2-2016 13:23;6,83277E+17
Hillary Clinton lied last week when she said ISIS made a D.T. video. The video that ISIS made was about her husband being a degenerate.;1-3-2016 13:59;6,83649E+17
Al-Shabbab not ISIS just made a video on me - they all will as front-runner & if I speak out against them which I must. Hillary lied!;1-3-2016 14:12;6,83652E+17
Germany is going through massive attacks to its people  by the migrants allowed to enter the country. New Years Eve was a disaster. THINK!;1-6-2016 14:25;6,84743E+17
More radical Islam attacks today - it never ends! Strengthen the borders we must be vigilant and smart. No more being politically correct.;01-16-2016 02:47:22;6,88191E+17
Just watched Jeb's ad where he desperately needed mommy to help him. Jeb --- mom can't help you with ISIS the Chinese or with Putin.;01-23-2016 01:02:38;6,90701E+17
.@AnnCoulter has been amazing. We will win and establish strong borders we will build a WALL and Mexico will pay. We will be great again!;01-23-2016 14:45:31;6,90908E+17
"ISIS is making big threats today - no respect for U.S.A. or our ""leader"" - If I win it will be a very different storywith very fast results";2-9-2016 21:40;6,97173E+17
Now an additional 600-700 jobs in America (2000) being eliminated for move to Mexico- via Hartford Courant. https://t.co/bOIYQLqGRG;02-13-2016 15:16:43;6,98526E+17
I use both iPhone & Samsung. If Apple doesn't give info to authorities on the terrorists I'll only be using Samsung until they give info.;02-19-2016 21:32:43;7,00795E+17
Boycott all Apple products  until such time as Apple gives cellphone info to authorities regarding radical Islamic terrorist couple from Cal;02-19-2016 21:38:07;7,00797E+17
FMR PRES of Mexico Vicente Fox horribly used the F word when discussing the wall. He must apologize! If I did that there would be a uproar!;02-25-2016 20:27:15;7,02953E+17
Ted Cruz Was For Welcoming Syrian Refugees Before He Was Against Ithttps://t.co/zw4o1DJgfB;3-8-2016 02:47;7,07035E+17
Absentee Governor Kasich voted for NAFTA and NAFTA devastated Ohio - a disaster from which it never recovered. Kasich is good for Mexico!;3-12-2016 13:35;7,08648E+17
USSS did an excellent job stopping the maniac running to the stage. He has ties to ISIS. Should be in jail! https://t.co/tkzbHg7wyD?ssr=true;3-12-2016 23:41;7,088E+17
North Carolina lost 300000 manufacturing jobs and Ohio lost 400000 since 2000. Going to Mexico etc. NO MORE IF I WIN WE WILL BRING BACK!;03-15-2016 13:37:24;7,09735E+17
Ohio is losing jobs to Mexico now losing Ford (and many others). Kasich is weak on illegal immigration. We need strong borders now!;03-15-2016 15:03:34;7,09757E+17
Do you believe that Hillary Clinton now wants Obamacare for illegal immigrants? She should spend more time taking care of our great Vets!;03-19-2016 00:40:10;7,10989E+17
Incompetent Hillary despite the horrible attack in Brussels today wants borders to be weak and open-and let the Muslims flow in.  No way!;03-23-2016 02:59:29;7,12474E+17
.@LindseyGrahamSC and Lyin' Ted Cruz are two politicians who are very much alike - ALL TALK AND NO ACTION! Both talk about ISIS do nothing!;03-24-2016 14:07:07;7,13004E+17
These politicians like Cruz and Graham who have watched ISIS and many other problems develop for years do nothing to make things better!;03-24-2016 14:14:14;7,13006E+17
It is amazing how often I am right only to be criticized by the media. Illegal immigration take the oil build the wall Muslims NATO!;03-24-2016 14:38:13;7,13012E+17
Just announced that as many as 5000 ISIS fighters have infiltrated Europe. Also many in U.S.  I TOLD YOU SO! I alone can fix this problem!;03-24-2016 15:52:11;7,13031E+17
We must build a great wall between Mexico and the United States! https://t.co/05SjuRJFbf;4-1-2016 21:49;7,1602E+17
Everybody is talking about the protesters burning the American flags and proudly waving Mexican flags. I want America First - so do voters!;5-2-2016 14:06;7,27137E+17
Happy #CincoDeMayo! The best taco bowls are made in Trump Tower Grill. I love Hispanics! https://t.co/ufoTeQd8yA https://t.co/k01Mc6CuDI;5-5-2016 18:57;7,28298E+17
Just met with courageous family of Sarah Root in Nebraska. Sarah was horribly killed by illegal immigrant but leaves behind amazing legacy.;5-7-2016 00:14;7,2874E+17
Crooked Hillary just can't close the deal with Bernie. It will be the same way with ISIS and China on trade and Mexico at the border. Bad!;5-8-2016 20:15;7,29404E+17
If Crooked Hillary Clinton can't close the deal on Crazy Bernie how is she going to take on China Russia ISIS and all of the others?;05-14-2016 01:03:02;7,31289E+17
"The pathetic new hit ad against me misrepresents the final line. ""You can tell them to go BLANK themselves"" - was about China NOT WOMEN!";05-17-2016 11:37:03;7,32535E+17
Crooked Hillary Clinton put out an ad where I am misquoted on women. Can't believe she would misrepresent the facts! My hit was on China;05-17-2016 11:46:22;7,32538E+17
Amazing that Crooked Hillary can do a hit ad on me concerning women when her husband was the WORST abuser of woman in U.S. political history;05-17-2016 11:58:10;7,32541E+17
Looks like yet another terrorist attack. Airplane departed from Paris. When will we get tough smart and vigilant? Great hate and sickness!;05-19-2016 10:27:48;7,33243E+17
Crooked Hillary has zero imagination and even less stamina. ISIS China Russia and all would love for her to be president. 4 more years!;05-20-2016 09:47:09;7,33595E+17
Look where the world is today a total mess and ISIS is still running around wild. I can fix it fast Hillary has no chance!;05-20-2016 09:58:47;7,33598E+17
Crooked Hillary Clinton looks presidential? I don't think so! Four more years of Obama and our country will never come back. ISIS LAUGHS!;05-20-2016 10:08:49;7,336E+17
Crooked Hillary Clintons foreign interventions unleashed ISIS in Syria Iraq and Libya. She is reckless and dangerous!;05-21-2016 17:02:41;7,34067E+17
How can Crooked Hillary say she cares about women when she is silent on radical Islam which horribly oppresses women?;05-22-2016 19:37:05;7,34468E+17
Crooked Hillary wants a radical 500% increase in Syrian refugees. We can’t allow this. Time to get smart and protect America!;05-22-2016 19:38:18;7,34468E+17
The American people are sick and tired of not being able to lead normal lives and to constantly be on the lookout for terror and terrorists!;05-22-2016 20:44:48;7,34485E+17
Great rally in New Mexico amazing crowd! Now in L.A. Big rally in Anaheim.;05-25-2016 05:12:44;7,35338E+17
The protesters in New Mexico were thugs who were flying the Mexican flag. The rally inside was big and beautiful but outside criminals!;05-25-2016 13:39:38;7,35465E+17
Obama administration fails to screen Syrian refugees' social media accounts:https://t.co/MMa07nwa44;05-28-2016 04:13:54;7,3641E+17
I'm a former chief of police in a border town. I'm Hispanic I'm proud to be Hispanic and I'm 100% behind Trump.https://t.co/8YtBU7j17m;6-3-2016 16:01;7,38763E+17
Thank you New Mexico! #Trump2016https://t.co/wNOY8Pc2kM https://t.co/osWzVxNkJx;6-8-2016 03:39;7,40388E+17
A message of condolences and support regarding the terrorist attacks in Tel Aviv: https://t.co/iulXLEANei;6-9-2016 19:26;7,40989E+17
I will be meeting with the NRA who has endorsed me about not allowing people on the terrorist watch list or the no fly list to buy guns.;06-15-2016 13:50:31;7,43078E+17
McAllen Texas- 8 miles from U.S. - Mexico border. #Trump2016 Video: https://t.co/pQ4nSTnVrK https://t.co/dKBTP1QjH3;06-16-2016 16:50:00;7,43486E+17
Hillary says this election is about judgment.  She's right.  Her judgement has killed thousands unleashed ISIS and wrecked the economy.;06-21-2016 16:36:40;7,45294E+17
Hillary Clinton surged the trade deficit with China 40% asSecretary of State costing Americans millions of jobs.;06-21-2016 16:38:07;7,45295E+17
"ISIS threatens us today because of the decisions Hillary Clinton has made along with President Obama.""  --  Donald J. Trump";06-23-2016 13:20:29;7,4597E+17
SC has kept us safe from exec amnesty--for now. But Hillary has pledged to expand it taking jobs from Hispanic & African-American workers.;06-23-2016 18:07:46;7,46042E+17
New Government data by the Center for Immigration Studies shows more than 3M new legal & illegal immigrants settled..https://t.co/hMFyZc1kAM;06-24-2016 18:48:50;7,46415E+17
Yet another terrorist attack this time in Turkey. Willthe world ever realize what is going on? So sad.;06-28-2016 21:08:51;7,479E+17
The @USCHAMBER must fight harder for the American worker. China and many others are taking advantage of U.S. with our terrible trade pacts;06-29-2016 13:09:49;7,48141E+17
ISIS exploded on Hillary Clinton's watch- she's done nothing about it and never will. Not capable!;06-29-2016 18:21:38;7,4822E+17
Horrible killing of a 13 year old American girl at her home in Israel by a Palestinian terrorist. We must get tough. https://t.co/zauQ6kb9Hj;7-1-2016 13:32;7,48872E+17
Yet another terrorist attack today in Israel -- a father shot at by a Palestinian terrorist was killed while:https://t.co/Cv1HzKVbiT;7-1-2016 15:51;7,48907E+17
In Bangladesh hostages were immediately killed by ISIS terrorists if they were unable to cite a verse from the Koran. 20 were killed!;7-4-2016 11:35;7,4993E+17
The third mass attack (slaughter) in days by ISIS. 200 dead in Baghdad worst in many years. We do not have leadership that can stop this!;7-4-2016 11:54;7,49934E+17
Crooked Hillary will NEVER be able to handle the complexities and danger of ISIS - it will just go on forever. We need change!;7-4-2016 12:00;7,49936E+17
With Hillary and Obama the terrorist attacks will only get worse. Politically correct fools won't even call it what it is - RADICAL ISLAM!;7-4-2016 15:34;7,4999E+17
We are TRYING to fight ISIS and now our own people are killing our police. Our country is divided and out of control. The world is watching;07-17-2016 18:26:51;7,54744E+17
I highly recommend the just out book - THE FIELD OF FIGHT - by General Michael Flynn. How to defeat radical Islam.;07-23-2016 03:49:04;7,56698E+17
Just saw Crooked Hillary and Tim Kaine together. ISIS and our other enemies are drooling. They don't look presidential to me!;07-23-2016 20:43:33;7,56953E+17
Watched Crooked Hillary Clinton and Tim Kaine on 60 Minutes. No way they are going to fix America's problems. ISIS & all others laughing!;07-24-2016 23:59:10;7,57365E+17
Why aren't the Democrats speaking about ISIS bad trade deals broken borders police and law and order. The Republican Convention was great;07-26-2016 12:38:27;7,57918E+17
Dems don't want to talk ISIS b/c Hillary's foreign interventions unleashed ISIS & her refugee plans make it easier for them to come here.;07-26-2016 19:48:08;7,58026E+17
You have no idea what my strategy on ISIS is and neither does ISIS (a good thing). Please get your facts straight - thanks. @megynkelly;07-27-2016 01:51:45;7,58118E+17
Hopefully the violent and vicious killing by ISIS of a beloved French priest is causing people to start thinking rationally. Get tough!;07-27-2016 10:01:39;7,58241E+17
Crooked Hillary Clinton wants to flood our country with Syrian immigrants that we know little or nothing about. The danger is massive. NO!;07-27-2016 10:08:35;7,58243E+17
A vote for Clinton-Kaine is a vote for TPP NAFTA high taxes radical regulation and massive influx of refugees.;07-28-2016 20:31:59;7,58762E+17
Hillary's refusal to mention Radical Islam as she pushes a 550% increase in refugees is more proof that she is unfit to lead the country.;07-29-2016 03:47:56;7,58872E+17
Our way of life is under threat by Radical Islam and Hillary Clinton cannot even bring herself to say the words.;07-29-2016 03:50:59;7,58872E+17
Hillary's wars in the Middle East have unleashed destruction terrorism and ISIS across the world.;07-29-2016 03:57:06;7,58874E+17
General John Allen who I never met but spoke against me last night failed badly in his fight against ISIS. His record = BAD  #NeverHillary;07-29-2016 13:53:31;7,59024E+17
"The ""Rust Belt"" was created by politicians like the Clintons who allowed our jobs to be stolen from us by other countries like Mexico. END!";07-30-2016 22:12:36;7,59512E+17
Hillary whose decisions have led to the deaths of many accepted $ from a business linked to ISIS. Silence at CNN. https://t.co/gJYSSXtpaz;8-1-2016 22:46;7,60245E+17
Hillary Clinton raked in money from regimes that horribly oppress women and gays & refuses to speak out against Radical Islam.;8-1-2016 22:52;7,60247E+17
When will CNN do a segment on Hillary’s plan to increase Syrian refugees 550% and how much it will cost?;8-1-2016 22:52;7,60247E+17
During the GOP convention CNN cut away from the victims of illegal immigrant violence. They don’t want them heard. https://t.co/EHRiLkQDWD;8-1-2016 22:54;7,60247E+17
Vast numbers of manufacturing jobs in Pennsylvania have moved to Mexico and other countries. That will end when I win!;8-2-2016 01:33;7,60287E+17
Obama's disastrous judgment gave us ISIS rise of Iran and the worst economic numbers since the Great Depression!;8-5-2016 02:19;7,61386E+17
"Ratings challenged @CNN reports so seriously that I call President Obama (and Clinton) ""the founder"" of ISIS & MVP. THEY DON'T GET SARCASM?";8-12-2016 10:26;7,64045E+17
ISIS gained tremendous strength during Hillary Clinton's term as Secretary of State. When will the dishonest media report the facts!;8-12-2016 13:01;7,64084E+17
CLINTON REFUGEE PLAN COULD BRING IN 620000 REFUGEES IN FIRST TERM AT LIFETIME COST OF OVER $400 BILLION. https://t.co/COZQNt6KVs;08-15-2016 20:26:17;7,65283E+17
Crooked Hillary will NEVER be able to solve the problems of poverty education and safety within the African-American & Hispanic communities;08-26-2016 13:50:42;7,6917E+17
What do African-Americans and Hispanics have to lose by going with me. Look at the poverty crime and educational statistics. I will fix it!;08-26-2016 14:20:55;7,69178E+17
I have accepted the invitation of President Enrique Pena Nieto of Mexico and look very much forward to meeting him tomorrow.;08-31-2016 02:33:22;7,70812E+17
"Former President Vicente Fox who is railing against my visit to Mexico today also invited me when he apologized for using the ""f bomb.""";08-31-2016 13:07:38;7,70971E+17
Hillary Clinton didn't go to Louisiana and now she didn't go to Mexico. She doesn't have the drive or stamina to MAKE AMERICA GREAT AGAIN!;9-1-2016 00:40;7,71146E+17
Great trip to Mexico today  - wonderful leadership and high quality people! Look forward to our next meeting.;9-1-2016 00:43;7,71146E+17
Mexico will pay for the wall - 100%!#MakeAmericaGreatAgain #ImWithYouhttps://t.co/pSFuPZz0xP;9-1-2016 04:58;7,71211E+17
Mexico will pay for the wall!;9-1-2016 10:31;7,71294E+17
"China wouldn't provide a red carpet stairway from Air Force One and then Philippines President calls Obama ""the son of a whore."" Terrible!";9-6-2016 11:12;7,73117E+17
Mexico has lost a brilliant finance minister and wonderful man who I know is highly respected by President Peña Nieto.;9-8-2016 18:16;7,73948E+17
With Luis Mexico and the United States would have made wonderful deals together - where both Mexico and the US would have benefitted.;9-8-2016 18:17;7,73948E+17
Once again someone we were told is ok turns out to be a terrorist who wants to destroy our country & its people- how did he get thru system?;09-19-2016 16:41:15;7,7791E+17
Hillary Clinton's weakness while she was Secretary of State has emboldened terrorists all over the world..cont: https://t.co/E5BdTiwlur;09-19-2016 16:53:42;7,77914E+17
Crooked Hillary has been fighting ISIS or whatever she has been doing for years. Now she has new ideas. It is time for change.;09-20-2016 12:02:35;7,78203E+17
Five people killed in Washington State by a Middle Eastern immigrant. Many people died this weekend in Ohio from drug overdoses. N.C. riots!;09-26-2016 00:18:40;7,802E+17
.@HillaryClinton - Obama #ISIS Strategy Has Allowed It To Expand To Become A Global Threat #DebateNight https://t.co/f7PctDE31L;09-27-2016 02:36:11;7,80597E+17
Great afternoon in Little Havana with Hispanic community leaders. Thank you for your support! #ImWithYou https://t.co/vxWZ2tyJTF;09-27-2016 19:59:04;7,80859E+17
Why isn't Hillary 50 points ahead? Maybe it's the email scandal policies that spread ISIS or calling millions of… https://t.co/yKz9vCz8O1;09-30-2016 18:24:21;7,81923E+17
.@mike_pence and I will defeat #ISIS.https://t.co/oCIIDwtptV #VPDebate;10-5-2016 01:54;7,83485E+17
Sanctions Relief From Clinton-Obama Iran Nuclear Deal Likely Go to Terrorists:https://t.co/lM80JriF9k #BigLeagueTruth #VPDebate;10-5-2016 02:15;7,83491E+17
A country that Crooked Hillary says has funded ISIS also gave Wild Bill $1 million for his birthday? SO CORRUPT! https://t.co/00s5tgsXrM;10-16-2016 13:15:03;7,87643E+17
Our thoughts are with the forces fighting ISIS in Iraq. We must never back down against this extreme radical Islami… https://t.co/oEoFIA8Rym;10-17-2016 17:50:57;7,88075E+17
Thank you Colorado Springs. If I’m elected President I am going to keep Radical Islamic Terrorists out of our count… https://t.co/N74UK73RLK;10-18-2016 19:53:23;7,88468E+17
Hillary has called for 550% more Syrian immigrants but won’t even mention “radical Islamic terrorists.” #Debate… https://t.co/Rf48XkZWbu;10-20-2016 01:34:49;7,88916E+17
After Crooked @HillaryClinton allowed ISIS to rise she now claims she'll defeat them? LAUGHABLE! Here's my plan: https://t.co/FzRMObNQVn;10-20-2016 02:26:24;7,88929E+17
I WILL DEFEAT ISIS. THEY HAVE BEEN AROUND TOO LONG! What has our leadership been doing?#DrainTheSwamp https://t.co/tU0iW3Gi9v;10-20-2016 02:27:31;7,8893E+17
ISIS has infiltrated countries all over Europe by posing as refugees and @HillaryClinton will allow it to happen h… https://t.co/MmeW2qsTQh;10-20-2016 02:31:45;7,88931E+17
Wow just came out on secret tape that Crooked Hillary wants to take in as many Syrians as possible. We cannot let this happen - ISIS!;10-24-2016 12:00:02;7,90523E+17
Crooked Hillary launched her political career by letting terrorists off the hook. #DrainTheSwamp… https://t.co/BLMkZQ8svK;10-27-2016 22:37:22;7,91771E+17
Thank you Geneva Ohio. If I am elected President I am going to keep RADICAL ISLAMIC TERRORISTS OUT of our countr… https://t.co/a7t5QN2iqW;10-28-2016 01:47:08;7,91819E+17
Great day in Colorado & Arizona. Will be in Nevada Colorado and New Mexico tomorrow - join me!Tickets:… https://t.co/vMPTsLXsCT;10-30-2016 01:36:25;7,92541E+17
Beautiful rally in Albuquerque New Mexico this evening - thank you. Get out & VOTE! #DrainTheSwampWatch rally:… https://t.co/K2RSgt2Zh5;10-31-2016 02:52:08;7,92922E+17
ICE OFFICERS WARN HILLARY IMMIGRATION PLAN WILL UNLEASH GANGS CARTELS & DRUG VIOLENCE NATIONWIDE'… https://t.co/09aSrBwQrv;11-4-2016 18:56;7,94614E+17
I have recieved and taken calls from many foreign leaders despite what the failing @nytimes said. Russia U.K. China Saudi Arabia Japan;11-16-2016 12:17:12;7,98862E+17
Just got a call from my friend Bill Ford Chairman of Ford who advised me that he will be keeping the Lincoln plant in Kentucky - no Mexico;11-18-2016 02:01:52;7,99432E+17
ISIS is taking credit for the terrible stabbing attack at Ohio State University by a Somali refugee who should not have been in our country.;11-30-2016 11:20:01;8,03922E+17
