﻿text;created_at;id_str
China has been taking out massive amounts of money & wealth from the U.S. in totally one-sided trade but won't help with North Korea. Nice!;1-2-2017 23:47;8,16068E+17
General Motors is sending Mexican made model of Chevy Cruze to U.S. car dealers-tax free across border. Make in U.S.A.or pay big border tax!;1-3-2017 12:30;8,1626E+17
Thank you to Ford for scrapping a new plant in Mexico and creating 700 new jobs in the U.S. This is just the beginning - much more to follow;1-4-2017 13:19;8,16635E+17
Toyota Motor said will build a new plant in Baja Mexico to build Corolla cars for U.S. NO WAY! Build plant in U.S. or pay big border tax.;1-5-2017 18:14;8,17072E+17
The dishonest media does not report that any money spent on building the Great Wall (for sake of speed) will be paid back by Mexico later!;1-6-2017 11:19;8,1733E+17
Dishonest media says Mexico won't be paying for the wall if they pay a little later so the wall can be built more quickly. Media is fake!;1-9-2017 04:05;8,18308E+17
Ford said last week that it will expand in Michigan and U.S. instead of building a BILLION dollar plant in Mexico. Thank you Ford & Fiat C!;1-9-2017 14:16;8,18461E+17
The U.S. has a 60 billion dollar trade deficit with Mexico. It has been a one-sided deal from the beginning of NAFTA with massive numbers...;01-26-2017 13:51:46;8,24616E+17
of jobs and companies lost. If Mexico is unwilling to pay for the badly needed wall then it would be better to cancel the upcoming meeting.;01-26-2017 13:55:03;8,24617E+17
Mexico has taken advantage of the U.S. for long enough. Massive trade deficits & little help on the very weak border must change NOW!;01-27-2017 13:19:10;8,2497E+17
...Senators should focus their energies on ISIS illegal immigration and border security instead of always looking to start World War III.;01-29-2017 21:49:32;8,25823E+17
There is nothing nice about searching for terrorists before they can enter our country. This was a big part of my campaign. Study the world!;01-30-2017 12:27:05;8,26044E+17
Do you believe it? The Obama Administration agreed to take thousands of illegal immigrants from Australia. Why? I will study this dumb deal!;2-2-2017 03:55;8,27003E+17
A new radical Islamic terrorist has just attacked in Louvre Museum in Paris. Tourists were locked down. France on edge again. GET SMART U.S.;2-3-2017 12:51;8,275E+17
The judge opens up our country to potential terrorists and others that do not have our best interests at heart. Bad people are very happy!;2-5-2017 00:48;8,28043E+17
"The failing @nytimes does major FAKE NEWS China story saying ""Mr.Xi has not spoken to Mr. Trump since Nov.14."" We spoke at length yesterday!";2-10-2017 13:35;8,30048E+17
"Our legal system is broken! ""77% of refugees allowed into U.S. since travel reprieve hail from seven suspect countries."" (WT)  SO DANGEROUS!";2-11-2017 12:12;8,30389E+17
The crackdown on illegal criminals is merely the keeping of my campaign promise. Gang members drug dealers & others are being removed!;2-12-2017 11:34;8,30742E+17
72% of refugees admitted into U.S. (2/3 -2/11) during COURT BREAKDOWN are from 7 countries: SYRIA IRAQ SOMALIA IRAN SUDAN LIBYA & YEMEN;2-12-2017 11:55;8,30747E+17
My statement as to what's happening in Sweden was in reference to a story that was broadcast on @FoxNews concerning immigrants & Sweden.;02-19-2017 21:57:01;8,33435E+17
My representatives had a great meeting w/ the Hispanic Chamber of Commerce at the WH today. Look forward to tremendous growth & future mtgs!;03-16-2017 22:43:32;8,42507E+17
"North Korea is behaving very badly. They have been ""playing"" the United States for years. China has done little to help!";03-17-2017 13:07:15;8,42724E+17
Spoke to U.K. Prime Minister Theresa May today to offer condolences on the terrorist attack in London. She is strong and doing very well.;03-23-2017 01:33:54;8,44724E+17
The meeting next week with China will be a very difficult one in that we can no longer have massive trade deficits...;03-30-2017 22:16:17;8,47573E+17
It was a great honor to have President Xi Jinping and Madame Peng Liyuan of China as our guests in the United States. Tremendous...;4-8-2017 14:50;8,50723E+17
So sad to hear of the terrorist attack in Egypt. U.S. strongly condemns. I have great...;4-9-2017 15:20;8,51093E+17
I explained to the President of China that a trade deal with the U.S. will be far better for them if they solve the North Korean problem!;4-11-2017 11:59;8,51767E+17
North Korea is looking for trouble. If China decides to help that would be great. If not we will solve the problem without them!  U.S.A.;4-11-2017 12:03;8,51768E+17
Had a very good call last night with the President of China concerning the menace of North Korea.;4-12-2017 12:22;8,52135E+17
I have great confidence that China will properly deal with North Korea. If they are unable to do so the U.S. with its allies will! U.S.A.;04-13-2017 13:08:20;8,52509E+17
Why would I call China a currency manipulator when they are working with us on the North Korean problem? We will see what happens!;04-16-2017 12:18:40;8,53583E+17
Another terrorist attack in Paris. The people of France will not take much more of this. Will have a big effect on presidential election!;04-21-2017 10:32:01;8,55369E+17
China is very much the economic lifeline to North Korea so while nothing is easy if they want to solve the North Korean problem they will;04-21-2017 13:04:19;8,55407E+17
The Democrats don't want money from budget going to border wall despite the fact that it will stop drugs and very bad MS 13 gang members.;04-23-2017 15:42:07;8,56171E+17
Eventually but at a later date so we can get started early Mexico will be paying in some form for the badly needed border wall.;04-23-2017 15:44:59;8,56172E+17
I received calls from the President of Mexico and the Prime Minister of Canada asking to renegotiate NAFTA rather than terminate. I agreed..;04-27-2017 11:12:12;8,57553E+17
North Korea disrespected the wishes of China & its highly respected President when it launched though unsuccessfully a missile today. Bad!;04-28-2017 23:26:18;8,581E+17
Rexnord of Indiana made a deal during the Obama Administration to move to Mexico. Fired their employees. Tax product big that's sold in U.S.;5-7-2017 22:58;8,61355E+17
China just agreed that the U.S. will be allowed to sell beef and other major products into China once again. This is REAL news!;5-12-2017 13:20;8,63021E+17
...to terrorism and airline flight safety. Humanitarian reasons plus I want Russia to greatly step up their fight against ISIS & terrorism.;05-16-2017 11:13:00;8,64439E+17
Terrorists are engaged in a war against civilization- it is up to all who value life to confront & defeat this evil➡️https://t.co/haeuvCIF6I;05-26-2017 20:26:55;8,68202E+17
North Korea has shown great disrespect for their neighbor China by shooting off yet another ballistic missile...but China is trying hard!;05-29-2017 12:18:52;8,69166E+17
While I greatly appreciate the efforts of President Xi & China to help with North Korea it has not worked out. At least I know China tried!;06-20-2017 18:38:11;8,77234E+17
Mexico was just ranked the second deadliest country in the world after only Syria. Drug trade is largely the cause. We will BUILD THE WALL!;06-22-2017 22:15:39;8,78014E+17
New Sugar deal negotiated with Mexico is a very good one for both Mexico and the U.S. Had no deal for many years which hurt U.S. badly.;06-29-2017 12:27:35;8,80402E+17
At some point the Fake News will be forced to discuss our great jobs numbers strong economy success with ISIS the border & so much else!;7-3-2017 12:10;8,81848E+17
....and Japan will put up with this much longer. Perhaps China will put a heavy move on North Korea and end this nonsense once and for all!;7-4-2017 02:24;8,82063E+17
Trade between China and North Korea grew almost 40% in the first quarter. So much for China working with us - but we had to give it a try!;7-5-2017 11:21;8,8256E+17
Leaving Hamburg for Washington D.C. and the WH. Just left China’s President Xi where we had an excellent meeting on trade & North Korea.;7-8-2017 18:55;8,83761E+17
Big wins against ISIS!;7-11-2017 12:23;8,8475E+17
ISIS is on the run & will soon be wiped out of Syria & Iraq illegal border crossings are way down (75%) & MS 13 gangs are being removed.;7-12-2017 11:05;8,85093E+17
The Failing New York Times foiled U.S. attempt to kill the single most wanted terroristAl-Baghdadi.Their sick agenda over National Security;07-22-2017 10:45:05;8,88711E+17
Big progress being made in ridding our country of MS-13 gang members and gang members in general. MAKE AMERICA SAFE AGAIN!;07-27-2017 18:37:44;8,90642E+17
Departing for Long Island now. An area under siege from #MS13 gang members. We will not rest until #MS13 is eradicated. #LESM https://t.co/GsgbBUXyHS;07-28-2017 16:24:30;8,90971E+17
I am very disappointed in China. Our foolish past leaders have allowed them to make hundreds of billions of dollars a year in trade yet...;07-29-2017 23:29:05;8,9144E+17
...they do NOTHING for us with North Korea just talk. We will no longer allow this to continue. China could easily solve this problem!;07-29-2017 23:35:13;8,91442E+17
Under Trump gains against #ISIS have dramatically acceleratedhttps://t.co/jNtOTh0moL;8-5-2017 22:12;8,93958E+17
The United Nations Security Council just voted 15-0 to sanction North Korea. China and Russia voted with us. Very big financial impact!;8-5-2017 22:44;8,93966E+17
The Fake News refuses to report the success of the first 6 months: S.C. surging economy & jobsborder & military securityISIS & MS-13 etc.;8-7-2017 01:18;8,94367E+17
Trump approval rebounds to 45% surges among Hispanics union homes men https://t.co/vvJMDv9Gjl;8-10-2017 23:51;8,95795E+17
Study what General Pershing of the United States did to terrorists when caught. There was no more Radical Islamic Terror for 35 years!;08-17-2017 18:45:14;8,98254E+17
Few if any Administrations have done more in just 7 months than the Trump A. Bills passed regulations killed border military ISIS SC!;08-25-2017 10:44:17;9,01032E+17
With Mexico being one of the highest crime Nations in the world we must have THE WALL. Mexico will pay for it through reimbursement/other.;08-27-2017 13:44:11;9,01803E+17
We are in the NAFTA (worst trade deal ever made) renegotiation process with Mexico & Canada.Both being very difficultmay have to terminate?;08-27-2017 13:51:35;9,01804E+17
..North Korea is a rogue nation which has become a great threat and embarrassment to China which is trying to help but with little success.;9-3-2017 11:39;9,04308E+17
During my trip to Saudi Arabia I spoke to the leaders of more than 50 Arab & Muslim nations about the need to confront our shared enemies.. https://t.co/8oeAQfIeX8;9-7-2017 20:18;9,05888E+17
China has a business tax rate of 15%. We should do everything possible to match them in order to win with our economy. Jobs and wages!;09-14-2017 02:22:57;9,08154E+17
Spoke to President of Mexico to give condolences on terrible earthquake. Unable to reach for 3 days b/c of his cell phone reception at site.;09-14-2017 19:18:14;9,0841E+17
Another attack in London by a loser terrorist.These are sick and demented people who were in the sights of Scotland Yard. Must be proactive!;09-15-2017 10:42:55;9,08642E+17
Loser terrorists must be dealt with in a much tougher manner.The internet is their main recruitment tool which we must cut off & use better!;09-15-2017 10:48:18;9,08644E+17
We have made more progress in the last nine months against ISIS than the Obama Administration has made in 8 years.Must be proactive & nasty!;09-15-2017 11:00:01;9,08647E+17
Our hearts & prayers go out to the people of London who suffered a vicious terrorist attack.... https://t.co/Q2hTBV2l5t;09-15-2017 20:54:52;9,08796E+17
God bless the people of Mexico City. We are with you and will be there for you.;09-19-2017 20:05:32;9,10233E+17
"Keep up the GREAT work. I am with you 100%!""ISIS is losing its grip...""Army Colonel Ryan DillonCJTF–OIRhttps://t.co/jVGuvv5mzm https://t.co/PSCXg38CtS";10-20-2017 01:43:00;9,2119E+17
“Trump hails liberation of Raqqa as critical breakthrough in anti-ISIS campaign” https://t.co/2eoYXJB7h0;10-21-2017 16:50:33;9,21781E+17
...2nd Amendment Strong Military ISIS historic VA improvement Supreme Court Justice Record Stock Market lowest unemployment in 17 yrs!;10-22-2017 00:09:21;9,21891E+17
Spoke to President Xi of China to congratulate him on his extraordinary elevation. Also discussed NoKo & trade two very important subjects!;10-25-2017 19:24:10;9,23269E+17
Melania and I look forward to being with President Xi & Madame Peng Liyuan in China in two weeks for what will hopefully be a historic trip! https://t.co/uFMonzza7N;10-25-2017 19:39:22;9,23273E+17
We must not allow ISIS to return or enter our country after defeating them in the Middle East and elsewhere. Enough!;10-31-2017 22:31:45;9,25491E+17
My thoughts condolences and prayers to the victims and families of the New York City terrorist attack. God and your country are with you!;10-31-2017 22:57:40;9,25497E+17
"The terrorist came into our country through what is called the ""Diversity Visa Lottery Program"" a Chuck Schumer beauty. I want merit based.";11-1-2017 11:24;9,25685E+17
We mourn the horrifying terrorist attack in NYC. All of America is praying and grieving for the families who lost their precious loved ones. https://t.co/WZFHXoJE3K;11-1-2017 19:26;9,25806E+17
NYC terrorist was happy as he asked to hang ISIS flag in his hospital room. He killed 8 people badly injured 12. SHOULD GET DEATH PENALTY!;11-2-2017 03:43;9,25931E+17
Would love to send the NYC terrorist to Guantanamo but statistically that process takes much longer than going through the Federal system...;11-2-2017 11:50;9,26054E+17
"ISIS just claimed the Degenerate Animal who killed and so badly wounded the wonderful people on the West Side was ""their soldier."" .....";11-3-2017 12:03;9,2642E+17
"...Based on that the Military has hit ISIS ""much harder"" over the last two days. They will pay a big price for every attack on us!";11-3-2017 12:11;9,26422E+17
Just took off for ceremony @ Pearl Harbor. Will then be heading to Japan SKorea China Vietnam & the Philippines. Will never let you down!;11-3-2017 14:45;9,2646E+17
Getting ready to make a major speech to the National Assembly here in South Korea then will be headed to China where I very much look forward to meeting with President Xi who is just off his great political victory.;11-8-2017 01:00;9,28065E+17
Leaving South Korea now heading to China. Looking very much forward to meeting and being with President Xi!;11-8-2017 04:57;9,28124E+17
Looking forward to a full day of meetings with President Xi and our delegations tomorrow. THANK YOU for the beautiful welcome China! @FLOTUS Melania and I will never forget it! https://t.co/sQoUWIGAiQ;11-8-2017 15:40;9,28286E+17
In the coming months and years ahead I look forward to building an even STRONGER relationship between the United States and China. 🇺🇸🇨🇳 https://t.co/mK3SB7t3EV;11-9-2017 13:58;9,28623E+17
I don’t blame China I blame the incompetence of past Admins for allowing China to take advantage of the U.S. on trade leading up to a point where the U.S. is losing $100's of billions. How can you blame China for taking advantage of people that had no clue? I would've done same!;11-9-2017 23:39;9,28769E+17
I am leaving China for #APEC2017 in Vietnam. @FLOTUS Melania is staying behind to see the zoo and of course the Great WALL of China before going to Alaska to greet our AMAZING troops.;11-10-2017 01:17;9,28794E+17
President Xi of China has stated that he is upping the sanctions against #NoKo. Said he wants them to denuclearize. Progress is being made.;11-11-2017 23:32;9,29492E+17
Met with President Putin of Russia who was at #APEC meetings. Good discussions on Syria. Hope for his help to solve along with China the dangerous North Korea crisis. Progress being made.;11-12-2017 00:16;9,29503E+17
The failing @nytimes hates the fact that I have developed a great relationship with World leaders like Xi Jinping President of China.....;11-15-2017 16:35:39;9,30837E+17
To the three UCLA basketball players I say:  You're welcome go out and give a big Thank You to President Xi Jinping of China who made.....;11-16-2017 11:30:14;9,31122E+17
China is sending an Envoy and Delegation to North Korea - A big move we'll see what happens!;11-16-2017 12:43:05;9,31141E+17
Together we're going to restore safety to our streets and peace to our communities and we're going to destroy the vile criminal cartel #MS13 and many other gangs...'Hundreds arrested in MS-13 crackdown'https://t.co/Mp268d8RaU https://t.co/mrynwnTuoO;11-17-2017 15:03:16;9,31538E+17
Now that the three basketball players are out of China and saved from years in jail LaVar Ball the father of LiAngelo is unaccepting of what I did for his son and that shoplifting is no big deal. I should have left them in jail!;11-19-2017 17:42:36;9,32303E+17
Shoplifting is a very big deal in China as it should be (5-10 years in jail) but not to father LaVar. Should have gotten his son out during my next trip to China instead. China told them why they were released. Very ungrateful!;11-19-2017 23:36:40;9,32392E+17
Marshawn Lynch of the NFL’s Oakland Raiders stands for the Mexican Anthem and sits down to boos for our National Anthem. Great disrespect! Next time NFL should suspend him for remainder of season. Attendance and ratings way down.;11-20-2017 11:25:38;9,32571E+17
It wasn’t the White House it wasn’t the State Department it wasn’t father LaVar’s so-called people on the ground in China that got his son out of a long term prison sentence - IT WAS ME. Too bad! LaVar is just a poor man’s version of Don King but without the hair. Just think..;11-22-2017 10:25:22;9,3328E+17
...LaVar you could have spent the next 5 to 10 years during Thanksgiving with your son in China but no NBA contract to support you. But remember LaVar shoplifting is NOT a little thing. It’s a really big deal especially in China. Ungrateful fool!;11-22-2017 10:33:28;9,33282E+17
Horrible and cowardly terrorist attack on innocent and defenseless worshipers in Egypt. The world cannot tolerate terrorism we must defeat them militarily and discredit the extremist ideology that forms the basis of their existence!;11-24-2017 15:27:13;9,34081E+17
Will be calling the President of Egypt in a short while to discuss the tragic terrorist attack with so much loss of life. We have to get TOUGHER AND SMARTER than ever before and we will. Need the WALL need the BAN! God bless the people of Egypt.;11-24-2017 18:49:12;9,34132E+17
Meeting with “Chuck and Nancy” today about keeping government open and working. Problem is they want illegal immigrants flooding into our Country unchecked are weak on Crime and want to substantially RAISE Taxes. I don’t see a deal!;11-28-2017 14:17:46;9,35513E+17
Just spoke to President XI JINPING of China concerning the provocative actions of North Korea. Additional major sanctions will be imposed on North Korea today. This situation will be handled!;11-29-2017 14:40:01;9,35881E+17
The Chinese Envoy who just returned from North Korea seems to have had no impact on Little Rocket Man. Hard to believe his people and the military put up with living in such horrible conditions. Russia and China condemned the launch.;11-30-2017 12:25:00;9,36209E+17
