﻿text;created_at;id_str
The United States has foolishly given Pakistan more than 33 billion dollars in aid over the last 15 years and they have given us nothing but lies & deceit thinking of our leaders as fools. They give safe haven to the terrorists we hunt in Afghanistan with little help. No more!;1-1-2018 12:12;9,47803E+17
Democrats are doing nothing for DACA - just interested in politics.  DACA activists and Hispanics will go hard against Dems will start “falling in love” with Republicans and their President! We are about RESULTS.;1-2-2018 15:16;9,48211E+17
African American unemployment is the lowest ever recorded in our country. The Hispanic unemployment rate dropped a full point in the last year and is close to the lowest in recorded history. Dems did nothing for you but get your vote!  #NeverForget  @foxandfriends;1-8-2018 14:20;9,50372E+17
More great news as a result of historical Tax Cuts and Reform: Fiat Chrysler announces plan to invest more than $1 BILLION in Michigan plant relocating their heavy-truck production from Mexico to Michigan adding 2500 new jobs and paying $2000 bonus to U.S. employees! https://t.co/47azKD0l9B;1-12-2018 02:49;9,51647E+17
Chrysler is moving a massive plant from Mexico to Michigan reversing a years long opposite trend. Thank you Chrysler a very wise decision. The voters in Michigan are very happy they voted for Trump/Pence. Plenty of more to follow!;1-12-2018 02:53;9,51648E+17
Yesterday was a big day for the stock market. Jobs are coming back to America. Chrysler is coming back to the USA from Mexico and many others will follow. Tax cut money to employees is pouring into our economy with many more companies announcing. American business is hot again!;01-13-2018 13:13:12;9,52167E+17
Yesterday was another big day for jobs and the Stock Market. Chrysler coming back to U.S. (Michigan) from Mexico and many more companies paying out Tax Cut money to employees. If Dems won in November Market would have TANKED! It was headed for disaster.;01-13-2018 14:20:00;9,52183E+17
During the campaign I promised to MAKE AMERICA GREAT AGAIN by bringing businesses and jobs back to our country. I am very proud to see companies like Chrysler moving operations from Mexico to Michigan where there are so many great American workers! https://t.co/hz2q9UTfnF;01-17-2018 23:32:58;9,53772E+17
ISIS is in retreat our economy is booming investments and jobs are pouring back into the country and so much more! Together there is nothing we can’t overcome--even a very biased media. We ARE Making America Great Again!;01-18-2018 01:11:26;9,53797E+17
....The Wall will be paid for directly or indirectly or through longer term reimbursement by Mexico which has a ridiculous $71 billion dollar trade surplus with the U.S. The $20 billion dollar Wall is “peanuts” compared to what Mexico makes from the U.S. NAFTA is a bad joke!;01-18-2018 11:25:03;9,53951E+17
We need the Wall for the safety and security of our country. We need the Wall to help stop the massive inflow of drugs from Mexico now rated the number one most dangerous country in the world. If there is no Wall there is no Deal!;01-18-2018 13:16:26;9,53979E+17
Democrats are far more concerned with Illegal Immigrants than they are with our great Military or Safety at our dangerous Southern Border. They could have easily made a deal but decided to play Shutdown politics instead. #WeNeedMoreRepublicansIn18 in order to power through mess!;01-20-2018 11:17:10;9,54674E+17
Unprecedented success for our Country in so many ways since the Election. Record Stock Market Strong on Military Crime Borders & ISIS Judicial Strength & Numbers Lowest Unemployment for Women & ALL Massive Tax Cuts end of Individual Mandate - and so much more. Big 2018!;01-20-2018 22:31:27;9,54844E+17
Great to see how hard Republicans are fighting for our Military and Safety at the Border. The Dems just want illegal immigrants to pour into our nation unchecked. If stalemate continues Republicans should go to 51% (Nuclear Option) and vote on real long term budget no C.R.’s!;01-21-2018 12:35:28;9,55056E+17
Our economy is better than it has been in many decades. Businesses are coming back to America like never before. Chrysler as an example is leaving Mexico and coming back to the USA. Unemployment is nearing record lows. We are on the right track!;01-28-2018 13:18:33;9,57604E+17
I will be meeting with Henry Kissinger at 1:45pm. Will be discussing North Korea China and the Middle East.;2-8-2018 18:44;9,61672E+17
...lottery continues deadly catch-and-release and bars enforcement even for FUTURE illegal immigrants. Voting for this amendment would be a vote AGAINST law enforcement and a vote FOR open borders. If Dems are actually serious about DACA they should support the Grassley bill!;02-15-2018 19:26:09;9,64219E+17
I never said Russia did not meddle in the election I said “it may be Russia or China or another country or group or it may be a 400 pound genius sitting in bed and playing with his computer.” The Russian “hoax” was that the Trump campaign colluded with Russia - it never did!;02-18-2018 12:33:16;9,65203E+17
MS-13 gang members are being removed by our Great ICE and Border Patrol Agents by the thousands but these killers come back in from El Salvador and through Mexico like water. El Salvador just takes our money and Mexico must help MORE with this problem. We need The Wall!;02-23-2018 11:28:35;9,66998E+17
We have large trade deficits with Mexico and Canada. NAFTA which is under renegotiation right now has been a bad deal for U.S.A. Massive relocation of companies & jobs. Tariffs on Steel and Aluminum will only come off if new & fair NAFTA agreement is signed. Also Canada must..;3-5-2018 11:47;9,70627E+17
...treat our farmers much better. Highly restrictive. Mexico must do much more on stopping drugs from pouring into the U.S. They have not done what needs to be done. Millions of people addicted and dying.;3-5-2018 11:53;9,70628E+17
China has been asked to develop a plan for the year of a One Billion Dollar reduction in their massive Trade Deficit with the United States. Our relationship with China has been a very good one and we look forward to seeing what ideas they come back with. We must act soon!;3-7-2018 15:10;9,71403E+17
Chinese President XI XINPING and I spoke at length about the meeting with KIM JONG UN of North Korea. President XI told me he appreciates that the U.S. is working to solve the problem diplomatically rather than going with the ominous alternative. China continues to be helpful!;3-10-2018 15:22;9,72493E+17
Chinese President XI JINPING and I spoke at length about the meeting with KIM JONG UN of North Korea. President XI told me he appreciates that the U.S. is working to solve the problem diplomatically rather than going with the ominous alternative. China continues to be helpful!;3-10-2018 16:15;9,72506E+17
“According to the Center for Immigration Studies the $18 billion wall will pay for itself by curbing the importation of crime drugs and illegal immigrants who tend to go on the federal dole...” https://t.co/NdLC6jZwWE;03-13-2018 15:24:23;9,73581E+17
Department of Justice should have urged the Supreme Court to at least hear the Drivers License case on illegal immigrants in Arizona. I agree with @LouDobbs. Should have sought review.;03-21-2018 10:52:27;9,76411E+17
.....They can help solve problems with North Korea Syria Ukraine ISIS Iran and even the coming Arms Race. Bush tried to get along but didn’t have the “smarts.” Obama and Clinton tried but didn’t have the energy or chemistry (remember RESET). PEACE THROUGH STRENGTH!;03-21-2018 19:05:40;9,76535E+17
France honors a great hero. Officer died after bravely swapping places with hostage in ISIS related terror attack. So much bravery around the world constantly fighting radical Islamic terrorism. Even stronger measures needed especially at borders!;03-25-2018 10:10:14;9,7785E+17
Received message last night from XI JINPING of China that his meeting with KIM JONG UN went very well and that KIM looks forward to his meeting with me. In the meantime and unfortunately maximum sanctions and pressure must be maintained at all cost!;03-28-2018 10:16:26;9,78939E+17
Mexico is doing very little if not NOTHING at stopping people from flowing into Mexico through their Southern Border and then into the U.S. They laugh at our dumb immigration laws. They must stop the big drug and people flows or I will stop their cash cow NAFTA. NEED WALL!;4-1-2018 14:25;9,80451E+17
Mexico has the absolute power not to let these large “Caravans” of people enter their country. They must stop them at their Northern Border which they can do because their border laws work not allow them to pass through into our country which has no effective border laws.....;4-2-2018 11:02;9,80762E+17
Mexico is making a fortune on NAFTA...They have very strong border laws - ours are pathetic. With all of the money they make from the U.S. hopefully they will stop people from coming through their country and into ours at least until Congress changes our immigration laws!;4-2-2018 13:08;9,80794E+17
As ridiculous as it sounds the laws of our country do not easily allow us to send those crossing our Southern Border back where they came from. A whole big wasted procedure must take place. Mexico & Canada have tough immigration laws whereas ours are an Obama joke. ACT CONGRESS;4-3-2018 00:00;9,80958E+17
Honduras Mexico and many other countries that the U.S. is very generous to sends many of their people to our country through our WEAK IMMIGRATION POLICIES. Caravans are heading here. Must pass tough laws and build the WALL. Democrats allow open borders drugs and crime!;4-3-2018 00:12;9,80961E+17
The big Caravan of People from Honduras now coming across Mexico and heading to our “Weak Laws” Border had better be stopped before it gets there. Cash cow NAFTA is in play as is foreign aid to Honduras and the countries that allow this to happen. Congress MUST ACT NOW!;4-3-2018 10:49;9,81121E+17
Our Border Laws are very weak while those of Mexico & Canada are very strong. Congress must change these Obama era and other laws NOW! The Democrats stand in our way - they want people to pour into our country unchecked....CRIME! We will be taking strong action today.;4-4-2018 11:19;9,81491E+17
We are not in a trade war with China that war was lost many years ago by the foolish or incompetent people who represented the U.S. Now we have a Trade Deficit of $500 Billion a year with Intellectual Property Theft of another $300 Billion. We cannot let this continue!;4-4-2018 11:22;9,81492E+17
The Caravan is largely broken up thanks to the strong immigration laws of Mexico and their willingness to use them so as not to cause a giant scene at our Border. Because of the Trump Administrations actions Border crossings are at a still UNACCEPTABLE 46 year low. Stop drugs!;4-5-2018 11:40;9,81859E+17
The Fake News Washington Post Amazon’s “chief lobbyist” has another (of many) phony headlines “Trump Defiant As China Adds Trade Penalties.” WRONG! Should read “Trump Defiant as U.S. Adds Trade Penalties Will End Barriers And Massive  I.P. Theft.” Typically bad reporting!;4-5-2018 13:10;9,81882E+17
China which is a great economic power is considered a Developing Nation within the World Trade Organization. They therefore get tremendous perks and advantages especially over the U.S. Does anybody think this is fair. We were badly represented. The WTO is unfair to U.S.;4-6-2018 14:32;9,82265E+17
The United States hasn’t had a Trade Surplus with China in 40 years. They must end unfair trade take down barriers and charge only Reciprocal Tariffs. The U.S. is losing $500 Billion a year and has been losing Billions of Dollars for decades. Cannot continue!;4-7-2018 18:03;9,8268E+17
President Xi and I will always be friends no matter what happens with our dispute on trade. China will take down its Trade Barriers because it is the right thing to do. Taxes will become Reciprocal & a deal will be made on Intellectual Property. Great future for both countries!;4-8-2018 12:12;9,82954E+17
When a car is sent to the United States from China there is a Tariff to be paid of 2 1/2%. When a car is sent to China from the United States there is a Tariff to be paid of 25%. Does that sound like free or fair trade.  No it sounds like STUPID TRADE -  going on for years!;4-9-2018 10:03;9,83284E+17
Very thankful for President Xi of China’s kind words on tarrifs and automobile barriers...also his enlightenment on intellectual property and technology transfers. We will make great progress together!;4-10-2018 17:51;9,83764E+17
Very thankful for President Xi of China’s kind words on tariffs and automobile barriers...also his enlightenment on intellectual property and technology transfers. We will make great progress together!;4-10-2018 18:30;9,83774E+17
So much Fake News about what is going on in the White House. Very calm and calculated with a big focus on open and fair trade with China the coming North Korea meeting and of course the vicious gas attack in Syria. Feels great to have Bolton & Larry K on board. I (we) are;4-11-2018 10:38;9,84018E+17
Never said when an attack on Syria would take place. Could be very soon or not so soon at all! In any event the United States under my Administration has done a great job of ridding the region of ISIS. Where is our “Thank you America?”;4-12-2018 10:15;9,84374E+17
Russia and China are playing the Currency Devaluation game as the U.S. keeps raising interest rates. Not acceptable!;04-16-2018 12:31:02;9,85858E+17
Sanctuary Cities released at least 142 Gang Members across the United States making it easy for them to commit all forms of violent crimes where none would have existed. We are doing a great job of law enforcement but things such as this make safety in America difficult!;04-19-2018 22:30:36;9,87096E+17
Mexico whose laws on immigration are very tough must stop people from going through Mexico and into the U.S. We may make this a condition of the new NAFTA Agreement. Our Country cannot accept what is happening! Also we must get Wall funding fast.;04-23-2018 13:51:17;9,88415E+17
The U.S. has put together a STRONG bid w/ Canada & Mexico for the 2026 World Cup. It would be a shame if countries that we always support were to lobby against the U.S. bid. Why should we be supporting these countries when they don’t support us (including at the United Nations)?;04-26-2018 23:39:32;9,8965E+17
Please do not forget the great help that my good friend President Xi of China has given to the United States particularly at the Border of North Korea. Without him it would have been a much longer tougher process!;04-27-2018 11:50:02;9,89834E+17
Kanye West has performed a great service to the Black Community - Big things are happening and eyes are being opened for the first time in Decades - Legacy Stuff! Thank you also to Chance and Dr. Darrell Scott they really get it (lowest Black & Hispanic unemployment in history).;04-27-2018 13:11:14;9,89854E+17
The migrant ‘caravan’ that is openly defying our border shows how weak & ineffective U.S. immigration laws are. Yet Democrats like Jon Tester continue to support the open borders agenda – Tester even voted to protect Sanctuary Cities. We need lawmakers who will put America First.;04-30-2018 22:38:35;9,91084E+17
Delegation heading to China to begin talks on the Massive Trade Deficit that has been created with our Country. Very much like North Korea this should have been fixed years ago not now. Same with other countries and NAFTA...but it will all get done. Great Potential for USA!;5-1-2018 11:00;9,91271E+17
There was no Collusion (it is a Hoax) and there is no Obstruction of Justice (that is a setup & trap). What there is is Negotiations going on with North Korea over Nuclear War Negotiations going on with China over Trade Deficits Negotiations on NAFTA and much more. Witch Hunt!;5-2-2018 11:45;9,91645E+17
“This isn’t some game. You are screwing with the work of the president of the United States.”  John Dowd March 2018.  With North Korea China the Middle East and so much more there is not much time to be thinking about this especially since there was no Russian “Collusion.”;5-2-2018 22:40;9,9181E+17
Our great financial team is in China trying to negotiate a level playing field on trade! I look forward to being with President Xi in the not too distant future. We will always have a good (great) relationship!;5-3-2018 03:45;9,91886E+17
Our Southern Border is under siege. Congress must act now to change our weak and ineffective immigration laws. Must build a Wall. Mexico which has a massive crime problem is doing little to help!;5-4-2018 10:22;9,92349E+17
Democrats and liberals in Congress want to disarm law-abiding Americans at the same time they are releasing dangerous criminal aliens and savage gang members onto our streets. Politicians who put criminal aliens before American Citizens should be voted out of office!;5-4-2018 21:58;9,92524E+17
Our high level delegation is on the way back from China where they had long meetings with Chinese leaders and business representatives. We will be meeting tomorrow to determine the results but it is hard for China in that they have become very spoiled with U.S. trade wins!;5-5-2018 00:31;9,92562E+17
My highly respected nominee for CIA Director Gina Haspel has come under fire because she was too tough on Terrorists. Think of that in these very dangerous times we have the most qualified person a woman who Democrats want OUT because she is too tough on terror. Win Gina!;5-7-2018 11:04;9,93447E+17
I will be speaking to my friend President Xi of China this morning at 8:30. The primary topics will be Trade where good things will happen and North Korea where relationships and trust are building.;5-8-2018 11:22;9,93813E+17
Five Most Wanted leaders of ISIS just captured!;5-10-2018 14:33;9,94586E+17
President Xi of China and I are working together to give massive Chinese phone company ZTE a way to get back into business fast. Too many jobs in China lost. Commerce Department has been instructed to get it done!;05-13-2018 15:01:00;9,9568E+17
China and the United States are working well together on trade but past negotiations have been so one sided in favor of China for so many years that it is hard for them to make a deal that benefits both countries. But be cool it will all work out!;05-13-2018 19:22:03;9,95746E+17
ZTE the large Chinese phone company buys a big percentage of individual parts from U.S. companies. This is also reflective of the larger trade deal we are negotiating with China and my personal relationship with President Xi.;05-14-2018 20:06:53;9,9612E+17
Trade negotiations are continuing with China. They have been making hundreds of billions of dollars a year from the U.S. for many years. Stay tuned!;05-15-2018 12:35:30;9,96368E+17
The Washington Post and CNN have typically written false stories about our trade negotiations with China. Nothing has happened with ZTE except as it pertains to the larger trade deal. Our country has been losing hundreds of billions of dollars a year with China...;05-16-2018 13:09:19;9,96739E+17
...haven’t even started yet! The U.S. has very little to give because it has given so much over the years. China has much to give!;05-16-2018 13:09:20;9,96739E+17
...We have not seen China’s demands yet which should be few in that previous U.S. Administrations have done so poorly in negotiating. China has seen our demands. There has been no folding as the media would love people to believe the meetings...;05-16-2018 13:09:20;9,96739E+17
Talking trade with the Vice Premier of the People’s Republic of China Liu He. https://t.co/9T7Iq6F3Xe;05-17-2018 21:27:52;9,97227E+17
Fake News Media had me calling Immigrants or Illegal Immigrants “Animals.” Wrong! They were begrudgingly forced to withdraw their stories. I referred to MS 13 Gang Members as “Animals” a big difference - and so true. Fake News got it purposely wrong as usual!;05-18-2018 10:51:43;9,9743E+17
I ask Senator Chuck Schumer why didn’t President Obama & the Democrats do something about Trade with China including Theft of Intellectual Property etc.? They did NOTHING! With that being said Chuck & I have long agreed on this issue! Fair Trade plus with China will happen!;05-21-2018 11:21:29;9,98524E+17
China has agreed to buy massive amounts of ADDITIONAL Farm/Agricultural Products - would be one of the best things to happen to our farmers in many years!;05-21-2018 11:27:42;9,98526E+17
On China Barriers and Tariffs to come down for first time.;05-21-2018 11:31:16;9,98527E+17
China must continue to be strong & tight on the Border of North Korea until a deal is made. The word is that recently the Border has become much more porous and more has been filtering in. I want this to happen and North Korea to be VERY successful but only after signing!;05-21-2018 11:40:22;9,98529E+17
Under our potential deal with China they will purchase from our Great American Farmers practically as much as our Farmers can produce.;05-21-2018 13:16:31;9,98553E+17
Our Trade Deal with China is moving along nicely but in the end we will probably have to use a different structure in that this will be too hard to get done and to verify results after completion.;05-23-2018 11:55:35;9,99258E+17
Crippling loopholes in our laws have enabled MS-13 gang members and other criminals to infiltrate our communities - and Democrats in Congress REFUSE to close these loopholes including the disgraceful practice known as Catch-and-Release. Democrats must abandon their resistance... https://t.co/VkMCIzwt8v;05-23-2018 19:35:18;9,99373E+17
Happy Memorial Day! Those who died for our great country would be very happy and proud at how well our country is doing today. Best economy in decades lowest unemployment numbers for Blacks and Hispanics EVER (& women in 18years) rebuilding our Military and so much more. Nice!;05-28-2018 12:58:07;1,00109E+18
A Democratic lawmaker just introduced a bill to Repeal the GOP Tax Cuts (no chance). This is too good to be true for Republicans...Remember the Nancy Pelosi Dems are also weak on Crime the Border and want to be gentle and kind to MS-13 gang members...not good!;05-28-2018 21:22:15;1,00121E+18
Very surprised that China would be doing this? https://t.co/D03kV07dF7;6-2-2018 16:35;1,00295E+18
China already charges a tax of 16% on soybeans. Canada has all sorts of trade barriers on our Agricultural products. Not acceptable!;6-4-2018 12:41;1,00362E+18
Farmers have not been doing well for 15 years. Mexico Canada China and others have treated them unfairly. By the time I finish trade talks that will change. Big trade barriers against U.S. farmers and other businesses will finally be broken. Massive trade deficits no longer!;6-4-2018 13:47;1,00363E+18
Today we mark another milestone: the 74th anniversary of #DDay the Allied invasion of Normandy. On June 6 1944 more than 70000 brave young Americans charged out of landing craft jumped out of airplanes and stormed into hell... https://t.co/zV8pqoVG9h;6-6-2018 19:37;1,00445E+18
Stock Market up almost 40% since the Election with 7 Trillion Dollars of U.S. value built throughout the economy. Lowest unemployment rate in many decades with Black & Hispanic unemployment lowest in History and Female unemployment lowest in 21 years. Highest confidence ever!;6-11-2018 21:52;1,00629E+18
The U.S. together with Mexico and Canada just got the World Cup. Congratulations - a great deal of hard work!;06-13-2018 11:49:16;1,00687E+18
Thank you for all of the compliments on getting the World Cup to come to the U.S.A. Mexico and Canada. I worked hard on this along with a Great Team of talented people. We never fail and it will be a great World Cup! A special thanks to Bob Kraft for excellent advice.;06-15-2018 11:06:28;1,00758E+18
Crime in Germany is up 10% plus (officials do not want to report these crimes) since migrants were accepted. Others countries are even worse. Be smart America!;06-19-2018 13:52:07;1,00907E+18
Democrats are the problem. They don’t care about crime and want illegal immigrants no matter how bad they may be to pour into and infest our Country like MS-13. They can’t win on their terrible policies so they view them as potential voters!;06-19-2018 13:52:24;1,00907E+18
80% of Mexico’s Exports come to the United States. They totally rely on us which is fine with me. They do have though very strong Immigration Laws. The U.S. has pathetically weak and ineffective Immigration Laws that the Democrats refuse to help us fix. Will speak to Mexico!;06-22-2018 13:30:54;1,01015E+18
We must maintain a Strong Southern Border. We cannot allow our Country to be overrun by illegal immigrants as the Democrats tell their phony stories of sadness and grief hoping it will help them in the elections. Obama and others had the same pictures and did nothing about it!;06-22-2018 13:43:06;1,01016E+18
It’s very sad that Nancy Pelosi and her sidekick Cryin’ Chuck Schumer want to protect illegal immigrants far more than the citizens of our country. The United States cannot stand for this. We wants safety and security at our borders!;06-23-2018 17:05:33;1,01057E+18
We cannot allow all of these people to invade our Country. When somebody comes in we must immediately with no Judges or Court Cases bring them back from where they came. Our system is a mockery to good immigration policy and Law and Order. Most children come without parents...;06-24-2018 15:02:02;1,0109E+18
Congratulations to Andres Manuel Lopez Obrador on becoming the next President of Mexico. I look very much forward to working with him. There is much to be done that will benefit both the United States and Mexico!;7-2-2018 03:01;1,01362E+18
When we have an “infestation” of MS-13 GANGS in certain parts of our country who do we send to get them out? ICE! They are tougher and smarter than these rough criminal elelments that bad immigration laws allow into our country. Dems do not appreciate the great job they do! Nov.;7-3-2018 10:49;1,0141E+18
I have confidence that Kim Jong Un will honor the contract we signed & even more importantly our handshake. We agreed to the denuclearization of North Korea. China on the other hand may be exerting negative pressure on a deal because of our posture on Chinese Trade-Hope Not!;7-9-2018 14:25;1,01633E+18
A recent Emerson College ePoll said that most Americans especially Hispanics feel that they are better off under President Trump than they were under President Obama.;7-10-2018 18:42;1,01675E+18
“Trump has been the most consequential president in history when it comes to minority employment. In June for instance the unemployment rate for Hispanics and Latinos 16 years and older fell to 4.6% its lowest level ever from 4.9% in May.” https://t.co/ex9jizOyAV;7-12-2018 15:10;1,01743E+18
China the European Union and others have been manipulating their currencies and interest rates lower while the U.S. is raising rates while the dollars gets stronger and stronger with each passing day - taking away our big competitive edge. As usual not a level playing field...;07-20-2018 12:43:05;1,02029E+18
China is targeting our farmers who they know I love & respect as a way of getting me to continue allowing them to take advantage of the U.S. They are being vicious in what will be their failed attempt. We were being nice - until now! China made $517 Billion on us last year.;07-25-2018 11:20:28;1,02208E+18
The biggest and best results coming out of the good GDP report was that the quarterly Trade Deficit has been reduced by $52 Billion and of course the historically low unemployment numbers especially for African Americans Hispanics Asians and Women.;07-29-2018 12:42:52;1,02355E+18
One of the reasons we need Great Border Security is that Mexico’s murder rate in 2017 increased by 27% to 31174 people killed a record! The Democrats want Open Borders. I want Maximum Border Security and respect for ICE and our great Law Enforcement Professionals! @FoxNews;07-31-2018 11:00:41;1,02425E+18
Tariffs are working far better than anyone ever anticipated. China market has dropped 27% in last 4months and they are talking to us. Our market is stronger than ever and will go up dramatically when these horrible Trade Deals are successfully renegotiated. America First.......;8-4-2018 19:47;1,02583E+18
....China which is for the first time doing poorly against us is spending a fortune on ads and P.R. trying to convince and scare our politicians to fight me on Tariffs- because they are really hurting their economy. Likewise other countries. We are Winning but must be strong!;8-4-2018 20:03;1,02583E+18
As long as I campaign and/or support Senate and House candidates (within reason) they will win! I LOVE the people & they certainly seem to like the job I’m doing. If I find the time in between China Iran the Economy and much more which I must we will have a giant Red Wave!;8-8-2018 15:25;1,02721E+18
Deal with Mexico is coming along nicely. Autoworkers and farmers must be taken care of or there will be no deal. New President of Mexico has been an absolute gentleman. Canada must wait. Their Tariffs and Trade Barriers are far too high. Will tax cars if we can’t make a deal!;8-10-2018 23:12;1,02806E+18
I am proud to have fought for and secured the LOWEST African American and Hispanic unemployment rates in history. Now I’m pushing for prison reform to give people who have paid their debt to society a second chance. I will never stop fighting for ALL Americans!;8-11-2018 13:41;1,02828E+18
Another terrorist attack in London...These animals are crazy and must be dealt with through toughness and strength!;08-14-2018 11:42:11;1,02933E+18
All of the fools that are so focused on looking only at Russia should start also looking in another direction China. But in the end if we are smart tough and well prepared we will get along with everyone!;08-18-2018 11:46:14;1,03078E+18
It is outrageous that Poisonous Synthetic Heroin Fentanyl comes pouring into the U.S. Postal System from China. We can and must END THIS NOW! The Senate should pass the STOP ACT – and firmly STOP this poison from killing our children and destroying our country. No more delay!;08-20-2018 17:14:59;1,03159E+18
...Additionally because of our much tougher Trading stance with China I do not believe they are helping with the process of denuclearization as they once were (despite the UN Sanctions which are in place)...;08-24-2018 17:36:01;1,03305E+18
...Secretary Pompeo looks forward to going to North Korea in the near future most likely after our Trading relationship with China is resolved. In the meantime I would like to send my warmest regards and respect to Chairman Kim. I look forward to seeing him soon!;08-24-2018 17:36:02;1,03305E+18
Our relationship with Mexico is getting closer by the hour. Some really good people within both the new and old government and all working closely together....A big Trade Agreement with Mexico could be happening soon!;08-25-2018 13:22:28;1,03334E+18
A big deal looking good with Mexico!;08-27-2018 13:39:02;1,03407E+18
United States-Mexico Trade Agreement: https://t.co/E1AzveYPli https://t.co/ZYbHt1pD8a;08-27-2018 18:11:20;1,03414E+18
Report just out: “China hacked Hillary Clinton’s private Email Server.” Are they sure it wasn’t Russia (just kidding!)? What are the odds that the FBI and DOJ are right on top of this? Actually a very big story. Much classified information!;08-29-2018 01:16:58;1,03461E+18
Our new Trade Deal with Mexico focuses on FARMERS GROWTH for our country tearing down TRADE BARRIERS JOBS and having companies continue to POUR BACK INTO OUR COUNTRY. It will be a big hit!;08-29-2018 02:19:58;1,03463E+18
Hillary Clinton’s Emails many of which are Classified Information got hacked by China. Next move better be by the FBI & DOJ or after all of their other missteps (Comey McCabe Strzok Page Ohr FISA Dirty Dossier etc.) their credibility will be forever gone!;08-29-2018 04:11:45;1,03465E+18
STATEMENT FROM THE WHITE HOUSEPresident Donald J. Trump feels strongly that North Korea is under tremendous pressure from China because of our major trade disputes with the Chinese Government. At the same time we also know that China is providing North Korea with...;08-29-2018 21:23:08;1,03491E+18
...differences they will be resolved in time by President Trump and China’s great President Xi Jinping. Their relationship and bond remain very strong.;08-29-2018 21:23:10;1,03491E+18
...of money on joint U.S.-South Korea war games. Besides the President can instantly start the joint exercises again with South Korea and Japan if he so chooses. If he does they will be far bigger than ever before. As for the U.S.–China trade disputes and other...;08-29-2018 21:23:10;1,03491E+18
....The fact is that African/American unemployment is now the lowest in the history of our country. Same with Asian Hispanic and almost every other group. The Democrats have been all talk and no action. My Administration has already produced like no other and everyone sees it!;9-2-2018 13:37;1,03625E+18
Apple prices may increase because of the massive Tariffs we may be imposing on China - but there is an easy solution where there would be ZERO tax and indeed a tax incentive. Make your products in the United States instead of China. Start building new plants now. Exciting! #MAGA;9-8-2018 15:45;1,03845E+18
If the U.S. sells a car into China there is a tax of 25%. If China sells a car into the U.S. there is a tax of 2%. Does anybody think that is FAIR? The days of the U.S. being ripped-off by other nations is OVER!;9-9-2018 14:01;1,03879E+18
The Wall Street Journal has it wrong we are under no pressure to make a deal with China they are under pressure to make a deal with us. Our markets are surging theirs are collapsing. We will soon be taking in Billions in Tariffs & making products at home. If we meet we meet?;09-13-2018 14:15:55;1,04024E+18
Congratulations to all of our Mexican friends on National Independence Day. We will be doing great things together!;09-16-2018 21:28:46;1,04144E+18
Today as we celebrate Hispanic Heritage Month we share our gratitude for all the ways Hispanic-Americans make our country flourish and prosper. Today and every day we honor cherish and celebrate Hispanic-American Workers Families Students Businesses and Leaders... https://t.co/2AxlbluB2S;09-18-2018 00:21:09;1,04184E+18
China has openly stated that they are actively trying to impact and change our election by attacking our farmers ranchers and industrial workers because of their loyalty to me. What China does not understand is that these people are great patriots and fully understand that.....;09-18-2018 12:50:29;1,04203E+18
.....China has been taking advantage of the United States on Trade for many years. They also know that I am the one that knows how to stop it. There will be great and fast economic retaliation against China if our farmers ranchers and/or industrial workers are targeted!;09-18-2018 12:55:04;1,04203E+18
China is actually placing propaganda ads in the Des Moines Register and other papers made to look like news. That’s because we are beating them on Trade opening markets and the farmers will make a fortune when this is over! https://t.co/ppdvTX7oz1;09-26-2018 17:26:54;1,045E+18
Late last night our deadline we reached a wonderful new Trade Deal with Canada to be added into the deal already reached with Mexico. The new name will be The United States Mexico Canada Agreement or USMCA. It is a great deal for all three countries solves the many......;10-1-2018 10:30;1,04671E+18
Congratulations to Mexico and Canada!;10-1-2018 10:56;1,04672E+18
Great reviews on the new USMCA. Thank you! Mexico and Canada will be wonderful partners in Trade (and more) long into the future.;10-2-2018 15:02;1,04714E+18
Thank you to Congressman Tom Reed of New York for your wonderful comments on our great new Trade Deal with Mexico and Canada the USMCA. I have long ago given you my Full Endorsement and for good reason. Keep up the Great Work! @Varneyco;10-3-2018 14:02;1,04749E+18
Mexico Canada and the United States are a great partnership and will be a very formidable trading force. We will now because of the USMCA work very well together. Great Spirit!;10-3-2018 14:13;1,04749E+18
Just spoke to President-Elect Andres Manuel Lopez Obrador of Mexico. Great call we will work well together!;10-3-2018 14:35;1,0475E+18
I am watching the Democrat Party led (because they want Open Borders and existing weak laws) assault on our country by Guatemala Honduras and El Salvador whose leaders are doing little to stop this large flow of people INCLUDING MANY CRIMINALS from entering Mexico to U.S.....;10-18-2018 11:25:54;1,05288E+18
....In addition to stopping all payments to these countries which seem to have almost no control over their population I must in the strongest of terms ask Mexico to stop this onslaught - and if unable to do so I will call up the U.S. Military and CLOSE OUR SOUTHERN BORDER!..;10-18-2018 11:35:06;1,05289E+18
....The assault on our country at our Southern Border including the Criminal elements and DRUGS pouring in is far more important to me as President than Trade or the USMCA. Hopefully Mexico will stop this onslaught at their Northern Border. All Democrats fault for weak laws!;10-18-2018 11:45:43;1,05289E+18
Thank you Mexico we look forward to working with you! https://t.co/wf7sE0DHFT;10-18-2018 22:51:42;1,05306E+18
Full efforts are being made to stop the onslaught of illegal aliens from crossing our Souther Border. People have to apply for asylum in Mexico first and if they fail to do that the U.S. will turn them away. The courts are asking the U.S. to do things that are not doable!;10-21-2018 19:11:52;1,05409E+18
Sadly it looks like Mexico’s Police and Military are unable to stop the Caravan heading to the Southern Border of the United States. Criminals and unknown Middle Easterners are mixed in. I have alerted Border Patrol and Military that this is a National Emergy. Must change laws!;10-22-2018 12:37:40;1,05435E+18
“Shock report: US paying more for illegal immigrant births than Trump’s wall” https://t.co/FX3ljN7kPS;10-22-2018 17:52:46;1,05443E+18
The New York Times has a new Fake Story that now the Russians and Chinese (glad they finally added China) are listening to all of my calls on cellphones. Except that I rarely use a cellphone & when I do it’s government authorized. I like Hard Lines. Just more made up Fake News!;10-25-2018 13:57:27;1,05546E+18
We are gathered together on this solemn occasion to fulfill our most reverent and sacred duty. 35 years ago 241 American service members were murdered in the terrorist attack on our Marine Barracks in Beirut Lebanon. Today we honor our fallen heroes... https://t.co/zPgjSFj9BM;10-25-2018 23:13:53;1,0556E+18
In 1983 roughly 1800 Marines were in Beirut to keep the peace in a Nation torn apart by Civil War. Terrorists had bombed the U.S. Embassy earlier that year killing 63 people including 17 Americans... https://t.co/Mp73AYv7J0;10-25-2018 23:19:40;1,0556E+18
Whether you are African-American Hispanic-American or ANY AMERICAN at all – you have the right to live in a Country that puts YOUR NEEDS FIRST! https://t.co/hwDICbpOT7;10-26-2018 18:48:29;1,05589E+18
Many Gang Members and some very bad people are mixed into the Caravan heading to our Southern Border. Please go back you will not be admitted into the United States unless you go through the legal process. This is an invasion of our Country and our Military is waiting for you!;10-29-2018 14:41:56;1,05692E+18
The Caravans are made up of some very tough fighters and people. Fought back hard and viciously against Mexico at Northern Border before breaking through. Mexican soldiers hurt were unable or unwilling to stop Caravan. Should stop them before they reach our Border but won’t!;10-31-2018 12:38:01;1,05761E+18
Our military is being mobilized at the Southern Border. Many more troops coming. We will NOT let these Caravans which are also made up of some very bad thugs and gang members into the U.S. Our Border is sacred must come in legally. TURN AROUND!;10-31-2018 12:45:36;1,05761E+18
Just had a long and very good conversation with President Xi Jinping of China. We talked about many subjects with a heavy emphasis on Trade. Those discussions are moving along nicely with meetings being scheduled at the G-20 in Argentina. Also had good discussion on North Korea!;11-1-2018 14:09;1,058E+18
President Macron of France has just suggested that Europe build its own military in order to protect itself from the U.S. China and Russia. Very insulting but perhaps Europe should first pay its fair share of NATO which the U.S. subsidizes greatly!;11-9-2018 21:10;1,061E+18
Emmanuel Macron suggests building its own army to protect Europe against the U.S. China and Russia. But it was Germany in World Wars One & Two - How did that work out for France? They were starting to learn German in Paris before the U.S. came along. Pay for NATO or not!;11-13-2018 11:50:41;1,06231E+18
The Mayor of Tijuana Mexico just stated that “the City is ill-prepared to handle this many migrants the backlog could last 6 months.” Likewise the U.S. is ill-prepared for this invasion and will not stand for it. They are causing crime and big problems in Mexico. Go home!;11-18-2018 18:42:59;1,06423E+18
Catch and Release is an obsolete term. It is now Catch and Detain. Illegal Immigrants trying to come into the U.S.A. often proudly flying the flag of their nation as they ask for U.S. Asylum will be detained or turned away. Dems must approve Border Security & Wall NOW!;11-18-2018 19:55:24;1,06425E+18
Migrants at the Southern Border will not be allowed into the United States until their claims are individually approved in court. We only will allow those who come into our Country legally. Other than that our very strong policy is Catch and Detain. No “Releasing” into the U.S...;11-24-2018 23:49:25;1,06648E+18
....All will stay in Mexico. If for any reason it becomes necessary we will CLOSE our Southern Border. There is no way that the United States will after decades of abuse put up with this costly and dangerous situation anymore!;11-24-2018 23:56:27;1,06648E+18
Would be very SMART if Mexico would stop the Caravans long before they get to our Southern Border or if originating countries would not let them form (it is a way they get certain people out of their country and dump in U.S. No longer). Dems created this problem. No crossings!;11-25-2018 13:28:30;1,06669E+18
Mexico should move the flag waving Migrants many of whom are stone cold criminals back to their countries. Do it by plane do it by bus do it anyway you want but they are NOT coming into the U.S.A. We will close the Border permanently if need be. Congress fund the WALL!;11-26-2018 11:19:41;1,06702E+18
On the ten-year anniversary of the Mumbai terror attack the U.S. stands with the people of India in their quest for justice. The attack killed 166 innocents including six Americans. We will never let terrorists win or even come close to winning!;11-26-2018 19:45:16;1,06714E+18
....for electric cars. General Motors made a big China bet years ago when they built plants there (and in Mexico) - don’t think that bet is going to pay off. I am here to protect America’s Workers!;11-27-2018 19:05:39;1,06749E+18
Very disappointed with General Motors and their CEO Mary Barra for closing plants in Ohio Michigan and Maryland. Nothing being closed in Mexico & China. The U.S. saved General Motors and this is the THANKS we get! We are now looking at cutting all @GM subsidies including....;11-27-2018 19:05:39;1,06749E+18
Billions of Dollars are pouring into the coffers of the U.S.A. because of the Tariffs being charged to China and there is a long way to go. If companies don’t want to pay Tariffs build in the U.S.A. Otherwise lets just make our Country richer than ever before!;11-29-2018 12:32:13;1,06812E+18
Just signed one of the most important and largest Trade Deals in U.S. and World History. The United States Mexico and Canada worked so well together in crafting this great document. The terrible NAFTA will soon be gone. The USMCA will be fantastic for all!;11-30-2018 14:45:18;1,06852E+18
